0,Union Pacific Corporation,320 DARIEN WAY,Berkeley,Oregon,26380
1,MGM Mirage,416 COMMERCIAL ST,Tucson,New Jersey,26256
2,Household International Corp.,628 LA AVANZADA,Palm Bay,Arizona,12783
3,Stater Bros. Holdings Inc.,856 BALTIMORE WAY,Lakewood,Utah,50931
4,CVS Corp.,481 HENRY ST,Temecula,Pennsylvania,31023
5,United Stationers Inc,552 MORAGA ST,Amarillo,Kansas,87228
6,Sonic Automotive Inc.,676 GREELY CT,Monroe,Florida,38029
7,Dollar General Corporation,817 FARGO PL,Worcester,Louisiana,06636
8,Tribune Company,807 NICHOLS WAY,Allentown,Missouri,64435
9,The Bear Stearns Companies Inc.,999 JOHN MAHER ST,Fullerton,New Mexico,26079
10,Melina ALVIZO,205 CORNWALL ST,Montgomery,Pennsylvania,36878
11,Duke DRAMIS,917 WEST PORTAL AVE,Evansville,Colorado,22871
12,Olenka GOODKIN,585 NOE ST,York,North Dakota,79957
13,Quincey DOLMAN,657 FISHER LOOP,Odessa,Hawaii,21213
14,Kenn MINSHEW,686 KANSAS ST,Sterling Heights,Oregon,16049
15,Ruddie DUNPHE,767 PIERPOINT LN,Visalia,Colorado,38121
16,Clinten TRAMPE,320 COLUMBUS AVE,Roseville,Florida,45976
17,Mae REINIGER,608 HAMILTON ST,Danbury,New Jersey,85717
18,Modestine ARGUELLO,691 DORANTES AVE,Mesa,New Jersey,57878
19,Alfredo MARYE,713 LITTLEFIELD TER,Huntington,Iowa,46745
20,Hakim KOOYMAN,992 CRANE ST,Lewisville,Montana,72526
21,Westbrook UEDA,431 HENRY ADAMS ST,Vero Beach,Wisconsin,46627
22,Erwin GARSEE,159 BATTERY WAGNER RD,Palm Springs,Maine,55349
23,Isidore KLEEMAN,469 TOMASO CT,Leominster,Colorado,73868
24,Alexis HUGH,403 GRANADA AVE,Odessa,Rhode Island,00738
25,Louie KURZYNIEC,382 TORRENS CT,Racine,Delaware,60618
26,Aleecia ZAVODNY,689 LAKE MERCED BLVD,Sioux City,Utah,72595
27,Arel MATSU,7 OPALO LN,Boise City,Nebraska,29897
28,Hamid HANDSHOE,39 MINNESOTA ST,Tyler,Nevada,11666
29,Yetta WHAL,485 LAKEVIEW AVE,Hampton,Florida,97987
30,Inigo AGGAS,402 RILEY AVE,Athens,Alaska,51643
31,Oral STENDEBACK,183 CENTURY PL,Bremerton,Delaware,85586
32,Amara KNOLTON,409 ASPEN CT,Columbia,Pennsylvania,02853
33,Jasper IVERSON,691 LAUREL ST,Saint Louis,Tennessee,04472
34,Becca GROENE,337 CLAUDE LN,Winston,Kentucky,54449
35,Mateo PORRINI,621 CAMBON DR,Racine,Texas,59467
36,Jennee WINK,901 CRAIG CT,Fort Collins,Mississippi,52110
37,Melisse TYCER,804 HOUSTON ST,Springdale,Colorado,30367
38,Mella MERTES,147 DEARBORN ST,El Monte,California,84375
39,Matilda VITAL,337 FOWLER AVE,Irving,Montana,33388
40,Hanan DIEDERICHS,170 MASSASOIT ST,Monroe,South Dakota,96672
41,Nick DESAUTELLE,776 FARNSWORTH LN,McHenry,Massachusetts,30669
42,Dixie ANIDI,702 BUTTE PL,Ann Arbor,Alaska,13833
43,Gerard RZEPECKI,551 DAKOTA ST,West Covina,Wyoming,10809
44,Charlie SEMIDEY,520 JEROME ALY,Bakersfield,South Dakota,10268
45,Aindrea CHALENDER,531 SIERRA ST,Los Angeles,Kentucky,18077
46,Fernando CAOILI,214 COLUSA PL,Detroit,Utah,42291
47,Sibby BRAUNBERGER,127 PAGE ST,Frederick,Massachusetts,94206
48,Netty SEAGREN,900 ELWOOD ST,Richmond,Florida,23866
49,Shelby BOYARSKI,263 STEVELOE PL,Roanoke,North Dakota,10222
50,Jacques PUCKETT,349 YERBA BUENA AVE,Augusta,North Carolina,44450
51,Geralda SUYDAN,133 HUNTERS POINT BLVD,Sunnyvale,Kentucky,11571
52,Howie SANDINE,191 ANNAPOLIS TER,Milwaukee,Missouri,57899
53,Yehudit NOBLES,519 HAZELWOOD AVE,Fullerton,California,80109
54,Alister REH,18 SEMINOLE AVE,Champaign,Iowa,18486
55,Carter FLOURNAY,67 TEHAMA ST,Kansas City,North Carolina,38029
56,Vasili BLISH,90 DR TOM WADDELL PL,Milwaukee,Michigan,15627
57,Shaine CONROW,862 OCEAN AVE,Leominster,Montana,04383
58,Hugh PILLERS,158 NIBBI CT,Baltimore,Nebraska,50238
59,Thaxter SHUPE,296 NEWHALL ST,Sioux City,Alabama,24792
60,Geraldo GANIBAN,4 VAN BUREN ST,Charlotte,Maryland,32801
61,Charline MOSELLE,166 MCRAE ST,Sioux City,Arkansas,80149
62,Klara CONNERLEY,881 TEDDY AVE,Henderson,Virginia,69115
63,Wallis PALMESE,188 LEROY PL,Champaign,North Dakota,42237
64,Joela BRAWLEY,803 ALEMANY BLVD OFF RAMP,El Monte,Ohio,05650
65,Woodrow BUNYAN,457 GROVE ST,High Point,Pennsylvania,75990
66,Candy MAURO,870 ORBEN PL,Peoria,Connecticut,32647
67,Johnathon GOENS,847 WATERFRONT ST,Bakersfield,West Virginia,67588
68,Betteann HEINLY,935 WESTON CT,Portsmouth,North Dakota,93399
69,Renel YOUMON,288 MISSION BAY CIR,Cape Coral,West Virginia,46487
70,Olia TAFOYA,763 MARYLAND ST,Aberdeen,Georgia,17836
71,Alleen REGER,109 BANCROFT AVE,Saint Petersburg,New Hampshire,40768
72,Giraud COKELY,603 SUTRO HEIGHTS AVE,Baltimore,Washington,76237
73,Dewitt DITO,789 TOCOLOMA AVE,Baltimore,Maryland,89334
74,Jaimie TIMBLIN,199 HARLOW ST,Spartanburg,Utah,45945
75,Zorana RUGGIERE,95 RIDGEWOOD AVE,Houma,Connecticut,63929
76,Nancey GANNS,736 TULANE ST,Pensacola,Georgia,13711
77,Carlee LEVISTON,648 DORE ST,Norfolk,Missouri,36524
78,Izaak DELZELL,758 WILDWOOD WAY,Newark,Colorado,41994
79,Aditya BARRINGER,186 SLOAT BLVD,Cedar Rapids,Ohio,38422
80,Marne NIGGEMANN,369 WHITING WAY,Port Arthur,Maryland,98370
81,Evey BEAVERS,686 VIDAL DR,Aurora,Nebraska,93597
82,Jill ESTRONZA,407 LOEHR ST,Savannah,Iowa,21325
83,Tedie ROCKHILL,972 SHANNON ST,Santa Cruz,Idaho,17176
84,Maiga MCCRAIN,761 LAKE MERCED HILL ST SOUTHSOUTH,Laredo,California,16988
85,Alonzo KRAHE,340 DR TOM WADDELL PL,Elk Grove,New Hampshire,90157
86,Tobit AID,686 COVENTRY LN,Hayward,Wisconsin,71926
87,Wenda GOSLEE,954 HAZELWOOD AVE,Hagerstown,Massachusetts,41469
88,Tabby KOKO,152 FERNANDEZ ST,Grand Rapids,Rhode Island,52779
89,Patty TAMAS,698 STEUART ST,Huntsville,Vermont,15687
90,Evelyn WHEELEN,629 JEROME ALY,Vero Beach,Ohio,68938
91,Pembroke KODADEK,92 MISSION BAY BLVD NORTHNORTH,Vancouver,North Dakota,32324
92,Billy ANCRUM,605 PENA ST,Apple Valley,Maryland,41079
93,Jesus SOLURI,228 WILMOT ST,Pensacola,South Dakota,86864
94,Bernardo WENDTE,610 OCTAVIA ST,Cleveland,New Jersey,49539
95,Demetris FLAMM,698 WOODLAND AVE,Denton,Alaska,84361
96,Alfredo SUGHRUE,799 DECATUR ST,Dayton,Florida,63855
97,Ishmael WEIDER,949 DUNNES ALY,Hollywood,New Jersey,99900
98,Vin KARCHER,262 MONCADA WAY,McHenry,Iowa,32884
99,Burt COCKRILL,917 LA GRANDE AVE,Pittsburgh,Minnesota,64942
100,Canada MORPHEW,625 EAST RD,Bridgeport,West Virginia,15517
101,Renato DRUCKER,235 HICKS RD,Fort Worth,New Jersey,23994
102,Mmarianne DOLMAJIAN,29 35TH AVE,Naples,Utah,51101
103,Justin MCJUNKINS,457 LENOX WAY,Newburgh,Kansas,32855
104,Thornie OVERMEYER,595 EDWARD ST,Billings,Kansas,10145
105,Amabel GLISSON,700 MONTALVO AVE,Canton,Michigan,01610
106,Ruthy HUNKELE,692 COLIN PL,Corona,Kansas,98149
107,Carmela MARKES,1 ROMAIN ST,Grayslake,South Dakota,57648
108,Sonnnie EDGE,954 NORWICH ST,Santa Cruz,Wyoming,17184
109,Adorne DEESE,386 SHERIDAN AVE,Houston,Nebraska,66202
