0,Albertsons Inc.,413 CRESCIO CT,Bel Air,Wyoming,64268
1,Caseys General Stores Inc.,219 LUCERNE ST,Norwalk,Washington,66201
2,Trump Hotels & Casino Resorts Inc.,619 BANNOCK ST,Salinas,South Dakota,97792
3,Intel Corporation,462 TANDANG SORA,Allentown,Tennessee,83342
4,Brunswick Corporation,268 WEST PORTAL AVE,Yonkers,Connecticut,04560
5,Reliant Energy Inc.,605 WIESE ST,Clearwater,Kansas,70198
6,American Electric Power Company Inc.,218 28TH ST,Fort Wayne,Michigan,87476
7,Marsh & McLennan Companies Inc.,362 PENNINGTON ST,Virginia Beach,Tennessee,24601
8,Southwest Gas Corp,636 WAGNER ALY,Orem,Indiana,06654
9,Crompton Corp.,368 GALEWOOD CIR,Portsmouth,Wisconsin,98665
10,Sun Microsystems Inc.,960 WHITECLIFF WAY,Evansville,Colorado,25457
11,Ecolab Inc.,716 07TH AVE,Fort Wayne,Michigan,34489
