540i Sedan,Sport Line
M5 Sedan,Standard
540i Sedan,Luxury
xDrive28i,xLine
xDrive30i,xLine
M5 Competition,Standard
640i xDrive Gran Turismo,M Sport
530e xDrive iPerformance,Sport Line
ALPINA B6 xDrive Gran Coupe,Standard
330i xDrive Sedan,M Sport
BMW i8 Roadster,Standard World
640i xDrive Gran Turismo,Sport Line
xDrive30i,M Sport
340i xDrive Gran Turismo,M Sport
xDrive50i3,Luxury
530i xDrive Sedan,Sport Line
530e xDrive iPerformance,M Sport
330i xDrive Sports Wagon,Luxury
530e iPerformance,Luxury
BMW i3,Mega World
750i xDrive Sedan,Standard
M3 Sedan,Standard
540i xDrive Sedan,M Sport
sDrive28i,xLine
M40i,Standard
xDrive50i3,M Sport
sDrive30i,xLine
530e xDrive iPerformance,Luxury
640i xDrive Gran Turismo,Luxury
xDrive40i2,M Sport
330i xDrive Gran Turismo,Sport Line
330i Sedan,Sport Line
sDrive28i2,Standard
xDrive35i,xLine
sDrive28i2,M Sport X
BMW i3,Deka World
330i xDrive Sedan,Sport Line
sDrive35i,xLine
xDrive40i,M Sport
M6 Gran Coupe,Standard
xDrive40i2,Luxury
Z4 sDrive30i,M Sport
xDrive28i2,Standard
530i xDrive Sedan,M Sport
xDrive28i,M Sport
M850i xDrive Coupe,Standard
xDrive30i,Luxury
sDrive28i,M Sport
330i xDrive Sports Wagon,M Sport
330i Sedan,Luxury
530i Sedan,Sport Line
BMW i8 Roadster,Tera World
530i Sedan,M Sport
M40i2,Standard
M2 Competition,Standard
xDrive30i2,xLine
BMW i8 Coupe,Standard World
330i xDrive Gran Turismo,Luxury
M4 Convertible,Standard
340i xDrive Gran Turismo,Luxury
330i xDrive Gran Turismo,M Sport
xDrive50i2,xLine
xDrive50i,xLine
540i xDrive Sedan,Sport Line
BMW i8 Coupe,Tera World Copper
M760i xDrive Sedan,Standard
750i Sedan,Standard
xDrive28i2,M Sport X
xDrive30i2,M Sport
530e iPerformance,Sport Line
M550i xDrive Sedan,Standard
BMW i8 Coupe,Tera World
BMW i3,Giga World
xDrive40i,xLine
xDrive50i2,M Sport
sDrive35i,M Sport
xDrive35i,M Sport
530e iPerformance,M Sport
M4 Coupe,Standard
330i xDrive Sports Wagon,Sport Line
BMW i3,Tera World
530i xDrive Sedan,Luxury
740i xDrive Sedan,Standard
ALPINA B7 xDrive,Standard
540i xDrive Sedan,Luxury
330i Sedan,M Sport
M35i,Standard
xDrive50i,M Sport
sDrive30i,Luxury
BMW i8 Roadster,Tera World Copper
540i Sedan,M Sport
sDrive30i,M Sport
340i xDrive Gran Turismo,Sport Line
Z4 sDrive30i,Sport line
330i xDrive Sedan,Luxury
530i Sedan,Luxury
740i Sedan,Standard
740e xDrive iPerformance,Standard
