xDrive28i,0
xDrive28i,1
xDrive28i,2
xDrive28i,3
xDrive28i,4
xDrive28i,5
sDrive28i,0
sDrive28i,1
sDrive28i,2
sDrive28i,3
sDrive28i,4
sDrive28i,5
xDrive28i,6
xDrive28i,7
xDrive28i,8
xDrive28i,9
xDrive28i,5
M35i,10
M35i,11
sDrive28i,12
sDrive28i,9
sDrive28i,8
sDrive28i,13
sDrive28i,5
xDrive30i,14
xDrive30i,15
xDrive30i,16
M40i,17
M40i,18
M40i,19
M40i,20
sDrive30i,14
sDrive30i,15
sDrive30i,16
xDrive30i,21
xDrive30i,22
xDrive30i,23
M40i,24
M40i,25
M40i,26
M40i,19
M40i,20
xDrive40i,27
xDrive40i,28
xDrive40i,29
xDrive50i,27
xDrive50i,28
xDrive50i,29
xDrive35i,30
xDrive35i,31
xDrive35i,32
xDrive50i,30
xDrive50i,31
xDrive50i,32
sDrive35i,30
sDrive35i,31
sDrive35i,32
xDrive40i,33
xDrive40i,34
xDrive40i,35
xDrive40i,36
xDrive40i,37
xDrive40i,38
xDrive40i,35
xDrive40i,39
xDrive50i,33
xDrive50i,34
xDrive50i,35
xDrive50i,36
xDrive50i,37
xDrive50i,38
xDrive50i,35
xDrive50i,39
330i xDrive Sedan,40
330i xDrive Sedan,41
330i xDrive Sedan,42
330i xDrive Sedan,43
330i xDrive Sedan,44
330i xDrive Sedan,45
330i xDrive Sedan,46
330i xDrive Sedan,47
330i Sedan,40
330i Sedan,41
330i Sedan,42
330i Sedan,43
330i Sedan,44
330i Sedan,45
330i Sedan,46
330i Sedan,47
330i xDrive Sports Wagon,40
330i xDrive Sports Wagon,41
330i xDrive Sports Wagon,42
330i xDrive Sports Wagon,43
330i xDrive Sports Wagon,44
330i xDrive Sports Wagon,45
330i xDrive Sports Wagon,46
330i xDrive Sports Wagon,47
330i xDrive Gran Turismo,40
330i xDrive Gran Turismo,41
330i xDrive Gran Turismo,42
330i xDrive Gran Turismo,43
330i xDrive Gran Turismo,44
330i xDrive Gran Turismo,45
330i xDrive Gran Turismo,46
330i xDrive Gran Turismo,47
340i xDrive Gran Turismo,40
340i xDrive Gran Turismo,41
340i xDrive Gran Turismo,42
340i xDrive Gran Turismo,43
340i xDrive Gran Turismo,44
340i xDrive Gran Turismo,45
340i xDrive Gran Turismo,46
340i xDrive Gran Turismo,47
530i xDrive Sedan,48
530i xDrive Sedan,49
530i xDrive Sedan,50
530i xDrive Sedan,51
530e xDrive iPerformance,48
530e xDrive iPerformance,49
530e xDrive iPerformance,50
530e xDrive iPerformance,51
540i xDrive Sedan,48
540i xDrive Sedan,49
540i xDrive Sedan,50
540i xDrive Sedan,51
M550i xDrive Sedan,52
M550i xDrive Sedan,53
M550i xDrive Sedan,54
M550i xDrive Sedan,55
530i Sedan,48
530i Sedan,49
530i Sedan,50
530i Sedan,51
530e iPerformance,48
530e iPerformance,49
530e iPerformance,50
530e iPerformance,51
540i Sedan,48
540i Sedan,49
540i Sedan,50
540i Sedan,51
640i xDrive Gran Turismo,56
640i xDrive Gran Turismo,57
640i xDrive Gran Turismo,58
640i xDrive Gran Turismo,59
640i xDrive Gran Turismo,60
740i xDrive Sedan,61
740i xDrive Sedan,62
740i xDrive Sedan,63
740e xDrive iPerformance,61
740e xDrive iPerformance,62
740e xDrive iPerformance,63
750i xDrive Sedan,61
750i xDrive Sedan,62
750i xDrive Sedan,63
M760i xDrive Sedan,61
M760i xDrive Sedan,62
M760i xDrive Sedan,63
740i Sedan,61
740i Sedan,62
740i Sedan,63
750i Sedan,61
750i Sedan,62
750i Sedan,63
M850i xDrive Coupe,61
M850i xDrive Coupe,62
M850i xDrive Coupe,63
Z4 sDrive30i,64
Z4 sDrive30i,65
Z4 sDrive30i,66
Z4 sDrive30i,67
ALPINA B6 xDrive Gran Coupe,68
ALPINA B6 xDrive Gran Coupe,69
ALPINA B6 xDrive Gran Coupe,70
ALPINA B7 xDrive,68
ALPINA B7 xDrive,69
ALPINA B7 xDrive,70
M2 Competition,71
M3 Sedan,72
M3 Sedan,73
M3 Sedan,74
M4 Coupe,72
M4 Coupe,73
M4 Coupe,74
M4 Convertible,72
M4 Convertible,73
M4 Convertible,74
M5 Sedan,75
M5 Sedan,76
M5 Sedan,77
M5 Competition,75
M5 Competition,76
M5 Competition,77
M6 Gran Coupe,78
M6 Gran Coupe,79
M6 Gran Coupe,80
BMW i3,81
BMW i3,82
BMW i8 Coupe,83
BMW i8 Coupe,84
BMW i8 Coupe,85
BMW i8 Roadster,83
BMW i8 Roadster,84
BMW i8 Roadster,85
