Sensatec Oyster,100
Black,400
Black SensaTec,300
Mocha Dakota Leather,400
Black with Blue Highlight Dakota Leather,400
Oyster Dakota Leather,100
Black Dakota Leather,300
Magma Red Dakota Leather,200
Canberra Beige,400
Black SensaTecm,200
Black Vernasca Leather with contrast stitching,100
piping,400
Black Vernasca Leather with contrast stitch,400
Mocha Vernasca Leather with contrast stitching,500
Oyster Vernasca Leather with contrast stitching,200
Cognac Vernasca Leather with contrast stitching,400
Black Vernasca Leather with blue contrast stitching,500
Ivory White Vernasca Leather,200
Canberra Beige Vernasca Leather,500
Coffee Vernasca Leather,0
Cognac Vernasca Leather,0
Black Vernasca Leather,100
Ivory White Extended Merino leather,400
Coffee Extended Merino Leather,500
Black Extended Merino Leather,200
Tartufo Extended Merino Leather,300
Terra Dakota Leather,400
Coral Red,500
Ivory White and Black Dakota Leather,400
Cognac Dakota Leather,300
Ivory White,0
Black Bi-Color Nappa Leather,100
Cognac,200
Smoke White Extended Merino Leather,100
Nutmeg Extended Merino Leather,500
Taupe Extended Merino Leather,500
Criollo Brown Extended Merino Leather,200
Amaro Brown Extended Merino Leather,200
Black Vernasca Leather with Brown ContrastStitching,200
Night Blue Full Leather Merino,500
Canberra Beige Dakota Leather,100
Canberra Beige Nappa Leather,400
Ivory White and Black Nappa Leather,400
Zagora Beige Nappa Leather,0
Mocha Nappa Leather,100
Cognac Nappa Leather,0
Black Nappa Leather,100
Black Dakota Leather with blue stitching,100
Black Dakota Leather with orange stitching,100
Cloth,0
Leather combination Carbonstructure Anthracite,200
Silverstone Extended Merino Leather,300
Sakhir Orange,400
Sonoma Beige Extended Merino Leather,400
Silverstone Full Merino Leather,100
Black Full Merino Leather,300
Sonoma Beige Full Merino Leather,0
Aragon Brown Extended Merino Leather,100
Aragon Brown Full Merino Leather,500
Deka Dark Cloth,300
Giga Ivory White Full Perforated Leather,300
Giga Amido Full Perforated Leather,100
