95870,Active Cruise Control
95870,Bang & Olufsen Sound System
39652,Dynamic Damper Control
39652,M Driver's Package
39652,Bang & Olufsen Sound System
95624,BMW Laserlight
95624,M Double-clutch Transmission with Drivelogic
95624,2-axle air suspension
21562,Night Vision with Pedestrian Detection
21562,M Carbon Ceramic Brakes
21562,M Driver's Package
21562,2-axle air suspension
89379,Rear Spoiler
89379,BMW Laserlight
63390,M Sport Suspension
63390,Active Driving Assistant
63390,M Driver's Package
69819,Integral Active Steering
69819,Panoramic Moonroof
55618,Panoramic Moonroof
97990,Multi-contour seats
97990,Remote Engine Start
97990,Active Driving Assistant
97990,Integral Active Steering
83623,Bowers & Wilkins Diamond Surround Sound System
83623,Rear Spoiler
83623,Sport Seats
83623,M Driver's Package
83623,Harman Kardon surround sound system
78031,Active Driving Assistant
78031,Active Cruise Control
78031,Harman Kardon surround sound system
06181,M Double-clutch Transmission with Drivelogic
95373,Adaptive M Suspension
95373,Remote Engine Start
95373,Dynamic Damper Control + rear axle air suspension
29212,BMW Laserlight
55222,M Double-clutch Transmission with Drivelogic
01092,Integral Active Steering
06126,Multi-contour seats
06126,M Carbon Ceramic Brakes
19975,Bang & Olufsen Sound System
65475,Adaptive M Suspension
65475,Night Vision with Pedestrian Detection
65475,M Sport Suspension
65475,Dynamic Damper Control + rear axle air suspension
67380,Dynamic Damper Control
67380,Panoramic Moonroof
67380,Bang & Olufsen Sound System
67380,Dynamic Damper Control + rear axle air suspension
91182,Rear Spoiler
91182,M Steering Wheel
91182,2-axle air suspension
91182,Dynamic Damper Control + rear axle air suspension
67247,Moonroof
67247,Rear-seat entertainment Professional
67247,Integral Active Steering
01738,Moonroof
01738,Bowers & Wilkins Diamond Surround Sound System
01738,M Carbon Ceramic Brakes
01738,Active Driving Assistant
01738,M Double-clutch Transmission with Drivelogic
18106,M Steering Wheel
18106,BMW Laserlight
18106,Active Cruise Control
18106,Bang & Olufsen Sound System
36724,M Driver's Package
38383,M Carbon Roof
76288,Remote Engine Start
76288,Active Driving Assistant
79593,Multi-contour seats
79593,Sport Seats
79593,Bang & Olufsen Sound System
81052,Multi-contour seats
81052,M Carbon Ceramic Brakes
81052,Integral Active Steering
81052,M Sport Brakes
81052,Harman Kardon surround sound system
02100,Active Driving Assistant
02100,BMW Laserlight
02100,M Double-clutch Transmission with Drivelogic
02100,Integral Active Steering
50680,M Carbon Roof
50680,Night Vision with Pedestrian Detection
50680,Panoramic Moonroof
50680,Harman Kardon surround sound system
54818,Sport Seats
54818,Rear Spoiler
54818,2-axle air suspension
36841,Integral Active Steering
36841,Panoramic Moonroof
41042,2-axle air suspension
41042,M Driver's Package
41042,Dynamic Damper Control + rear axle air suspension
61566,M Steering Wheel
61566,Integral Active Steering
96194,Bang & Olufsen Sound System
99946,Night Vision with Pedestrian Detection
99946,M Sport Suspension
99946,M Sport Brakes
09833,Remote Engine Start
09833,Integral Active Steering
09833,Dynamic Damper Control + rear axle air suspension
53453,Bowers & Wilkins Diamond Surround Sound System
53453,Adaptive M Suspension
53453,2-axle air suspension
53453,Rear Spoiler
34873,Moonroof
34873,M Steering Wheel
34873,Integral Active Steering
34873,Harman Kardon surround sound system
93109,Moonroof
93109,Remote Engine Start
93109,M Steering Wheel
93109,Rear-seat entertainment Professional
93109,Integral Active Steering
54948,Night Vision with Pedestrian Detection
54948,M Sport Suspension
54948,Rear-seat entertainment Professional
54948,Panoramic Moonroof
50639,Adaptive M Suspension
50639,Night Vision with Pedestrian Detection
50639,Dynamic Damper Control + rear axle air suspension
30325,Integral Active Steering
76492,M Carbon Ceramic Brakes
76492,2-axle air suspension
96162,Integral Active Steering
30250,Adaptive M Suspension
30250,Active Driving Assistant
30250,Panoramic Moonroof
21875,Remote Engine Start
23055,Active Driving Assistant
23055,M Double-clutch Transmission with Drivelogic
46341,Remote Engine Start
46341,Bowers & Wilkins Diamond Surround Sound System
46341,Panoramic Moonroof
46341,Moonroof
24526,Dynamic Damper Control + rear axle air suspension
24245,BMW Laserlight
38215,M Steering Wheel
53816,Bowers & Wilkins Diamond Surround Sound System
53816,Sport Seats
53816,Active Driving Assistant
13688,Moonroof
47030,Adaptive M Suspension
47030,M Carbon Roof
47030,Sport Seats
47030,Harman Kardon surround sound system
14997,Adaptive M Suspension
07753,Sport Seats
07753,M Steering Wheel
07753,2-axle air suspension
87875,Moonroof
19704,Moonroof
19704,2-axle air suspension
19704,Active Driving Assistant
19704,M Double-clutch Transmission with Drivelogic
19704,Active Cruise Control
55980,Multi-contour seats
55980,Rear Spoiler
55980,M Sport Suspension
55980,Active Driving Assistant
51204,Rear Spoiler
51204,Rear-seat entertainment Professional
51204,Dynamic Damper Control + rear axle air suspension
46493,Multi-contour seats
46493,M Sport Suspension
82808,Remote Engine Start
82808,Active Driving Assistant
82808,Rear-seat entertainment Professional
82808,Sport Seats
82808,2-axle air suspension
07136,M Driver's Package
59448,Sport Seats
59448,Remote Engine Start
59448,M Steering Wheel
59448,Active Driving Assistant
92429,M Sport Suspension
92429,Panoramic Moonroof
43088,Dynamic Damper Control
43088,Moonroof
43088,Active Driving Assistant
43088,M Driver's Package
43088,M Sport Brakes
09897,M Driver's Package
09897,Dynamic Damper Control + rear axle air suspension
62115,Dynamic Damper Control
62115,Bowers & Wilkins Diamond Surround Sound System
62115,M Sport Suspension
62115,Rear-seat entertainment Professional
62115,Panoramic Moonroof
94864,M Sport Suspension
94864,M Double-clutch Transmission with Drivelogic
43041,Adaptive M Suspension
83767,Moonroof
83767,Night Vision with Pedestrian Detection
45172,Remote Engine Start
45172,Rear Spoiler
45172,M Carbon Ceramic Brakes
45172,Night Vision with Pedestrian Detection
61624,Sport Seats
61624,Multi-contour seats
61624,Remote Engine Start
61624,2-axle air suspension
97606,Integral Active Steering
69187,Rear Spoiler
69187,BMW Laserlight
09598,Sport Seats
89514,Sport Seats
89514,Remote Engine Start
89514,M Carbon Roof
89514,Bang & Olufsen Sound System
89514,Harman Kardon surround sound system
88598,Adaptive M Suspension
88598,M Carbon Roof
88598,M Driver's Package
08920,2-axle air suspension
95930,M Carbon Roof
95930,M Carbon Ceramic Brakes
95930,M Steering Wheel
95930,Bang & Olufsen Sound System
41073,Panoramic Moonroof
41073,Integral Active Steering
05997,Sport Seats
05997,Rear Spoiler
05997,M Steering Wheel
06566,Night Vision with Pedestrian Detection
06566,Active Cruise Control
06566,M Driver's Package
43255,Remote Engine Start
43255,Multi-contour seats
43255,M Double-clutch Transmission with Drivelogic
07401,Dynamic Damper Control
07401,Active Driving Assistant
07401,Integral Active Steering
07401,M Driver's Package
19558,Bowers & Wilkins Diamond Surround Sound System
19558,M Carbon Roof
19558,Rear-seat entertainment Professional
19558,M Driver's Package
04765,M Steering Wheel
04765,M Double-clutch Transmission with Drivelogic
04765,M Sport Brakes
25003,BMW Laserlight
25003,Active Driving Assistant
25003,Integral Active Steering
54062,Rear Spoiler
54062,Bang & Olufsen Sound System
97074,2-axle air suspension
99721,Active Driving Assistant
99721,M Carbon Ceramic Brakes
99721,BMW Laserlight
99721,Dynamic Damper Control + rear axle air suspension
81490,Harman Kardon surround sound system
60055,Moonroof
60055,Bowers & Wilkins Diamond Surround Sound System
60055,Sport Seats
60055,Bang & Olufsen Sound System
60055,Dynamic Damper Control + rear axle air suspension
98019,Remote Engine Start
98019,M Carbon Roof
16277,Adaptive M Suspension
16277,Bowers & Wilkins Diamond Surround Sound System
16277,M Carbon Ceramic Brakes
16277,Active Driving Assistant
16277,Dynamic Damper Control
90684,Multi-contour seats
90684,BMW Laserlight
90684,Active Driving Assistant
65557,M Steering Wheel
65557,Rear-seat entertainment Professional
65557,M Driver's Package
65557,M Sport Brakes
65557,Active Cruise Control
57145,M Steering Wheel
57145,M Sport Suspension
57145,Active Cruise Control
57145,2-axle air suspension
31479,Remote Engine Start
31479,M Steering Wheel
31479,M Double-clutch Transmission with Drivelogic
31479,Integral Active Steering
70289,Rear Spoiler
70289,Rear-seat entertainment Professional
70289,Active Cruise Control
70289,M Driver's Package
63486,M Carbon Ceramic Brakes
63486,Rear-seat entertainment Professional
63486,Panoramic Moonroof
63486,Dynamic Damper Control + rear axle air suspension
72784,M Carbon Roof
72784,M Carbon Ceramic Brakes
72784,2-axle air suspension
70042,Night Vision with Pedestrian Detection
70042,M Carbon Ceramic Brakes
70042,Active Cruise Control
70042,2-axle air suspension
09867,Active Driving Assistant
09867,Harman Kardon surround sound system
13380,Remote Engine Start
13380,Adaptive M Suspension
13380,Night Vision with Pedestrian Detection
13380,M Double-clutch Transmission with Drivelogic
13380,Harman Kardon surround sound system
02452,Dynamic Damper Control
02452,Rear Spoiler
02452,M Steering Wheel
02452,Bowers & Wilkins Diamond Surround Sound System
02452,Integral Active Steering
40913,Rear Spoiler
40913,M Sport Brakes
40913,2-axle air suspension
13740,Active Driving Assistant
13740,Rear-seat entertainment Professional
13740,M Double-clutch Transmission with Drivelogic
08221,Night Vision with Pedestrian Detection
08221,M Double-clutch Transmission with Drivelogic
08221,M Sport Brakes
19677,Multi-contour seats
19677,M Steering Wheel
19677,Active Cruise Control
40261,M Sport Brakes
68877,Bang & Olufsen Sound System
18293,Harman Kardon surround sound system
77926,Bowers & Wilkins Diamond Surround Sound System
77926,Sport Seats
77926,BMW Laserlight
77926,M Sport Brakes
12034,M Steering Wheel
12034,Rear-seat entertainment Professional
40863,Moonroof
40863,Sport Seats
40863,Active Driving Assistant
40863,M Driver's Package
20867,Moonroof
20867,Multi-contour seats
20867,Harman Kardon surround sound system
47410,Moonroof
47410,Rear Spoiler
47410,Dynamic Damper Control + rear axle air suspension
47410,2-axle air suspension
47410,Harman Kardon surround sound system
99345,M Sport Suspension
52508,Moonroof
52508,Dynamic Damper Control
52508,M Sport Suspension
52508,M Double-clutch Transmission with Drivelogic
52508,Bang & Olufsen Sound System
86160,Moonroof
86160,Adaptive M Suspension
86160,Remote Engine Start
86160,Dynamic Damper Control + rear axle air suspension
75770,Adaptive M Suspension
75770,Rear Spoiler
75770,M Steering Wheel
75770,M Carbon Roof
75770,M Carbon Ceramic Brakes
80485,M Steering Wheel
80485,2-axle air suspension
80485,M Driver's Package
80077,Bowers & Wilkins Diamond Surround Sound System
80077,M Steering Wheel
80077,BMW Laserlight
38087,Night Vision with Pedestrian Detection
38087,M Steering Wheel
38087,Bang & Olufsen Sound System
38087,2-axle air suspension
41280,Rear Spoiler
41280,2-axle air suspension
41365,Multi-contour seats
41365,2-axle air suspension
41365,M Double-clutch Transmission with Drivelogic
41365,Integral Active Steering
68059,M Steering Wheel
68059,M Sport Brakes
68059,Bang & Olufsen Sound System
82070,Moonroof
82070,M Carbon Ceramic Brakes
82070,Harman Kardon surround sound system
77393,Moonroof
77393,Rear Spoiler
77393,2-axle air suspension
22814,Integral Active Steering
22950,M Carbon Roof
22950,M Sport Suspension
22950,M Driver's Package
22950,Bang & Olufsen Sound System
22950,Integral Active Steering
60703,M Carbon Roof
60703,Multi-contour seats
60703,BMW Laserlight
60703,Panoramic Moonroof
60703,Harman Kardon surround sound system
03826,Active Driving Assistant
36792,Night Vision with Pedestrian Detection
36792,Bang & Olufsen Sound System
36792,Rear Spoiler
50929,Bowers & Wilkins Diamond Surround Sound System
50929,BMW Laserlight
50929,M Double-clutch Transmission with Drivelogic
50929,Panoramic Moonroof
50929,Harman Kardon surround sound system
70647,M Carbon Roof
70647,M Sport Brakes
10466,Dynamic Damper Control + rear axle air suspension
96444,Bowers & Wilkins Diamond Surround Sound System
96444,M Steering Wheel
96444,M Sport Suspension
26466,M Double-clutch Transmission with Drivelogic
96884,M Carbon Roof
96884,M Driver's Package
59838,Dynamic Damper Control
59838,Harman Kardon surround sound system
19548,Bowers & Wilkins Diamond Surround Sound System
19548,Moonroof
19548,M Carbon Ceramic Brakes
19548,BMW Laserlight
54196,M Carbon Roof
71858,BMW Laserlight
71858,M Sport Brakes
25379,Sport Seats
25379,Panoramic Moonroof
25379,M Double-clutch Transmission with Drivelogic
25379,Bang & Olufsen Sound System
32332,Sport Seats
32332,Night Vision with Pedestrian Detection
32332,M Driver's Package
32332,Dynamic Damper Control + rear axle air suspension
86432,Rear Spoiler
86432,Active Driving Assistant
86432,M Driver's Package
93420,Moonroof
93420,Night Vision with Pedestrian Detection
93420,M Double-clutch Transmission with Drivelogic
93420,M Driver's Package
55829,Sport Seats
55829,Night Vision with Pedestrian Detection
55829,M Carbon Roof
51890,M Carbon Roof
51890,M Carbon Ceramic Brakes
51890,Rear-seat entertainment Professional
51890,Harman Kardon surround sound system
65629,M Carbon Roof
65629,M Steering Wheel
65629,Rear-seat entertainment Professional
65629,Active Cruise Control
85910,M Steering Wheel
90935,Multi-contour seats
90935,Rear Spoiler
90935,Remote Engine Start
90935,M Driver's Package
90935,Bang & Olufsen Sound System
29683,Sport Seats
29683,Bowers & Wilkins Diamond Surround Sound System
29683,Active Driving Assistant
57232,Remote Engine Start
57232,Panoramic Moonroof
57232,Harman Kardon surround sound system
53706,Adaptive M Suspension
53706,Moonroof
53706,BMW Laserlight
53706,Active Driving Assistant
77218,Moonroof
77218,Adaptive M Suspension
77218,Integral Active Steering
77218,M Driver's Package
28930,Night Vision with Pedestrian Detection
91226,BMW Laserlight
08561,M Carbon Ceramic Brakes
08561,M Double-clutch Transmission with Drivelogic
08561,2-axle air suspension
72976,Bowers & Wilkins Diamond Surround Sound System
72976,Rear-seat entertainment Professional
72976,Dynamic Damper Control + rear axle air suspension
92833,M Carbon Roof
92833,Sport Seats
92833,M Steering Wheel
92833,M Sport Brakes
53258,Multi-contour seats
53258,2-axle air suspension
89246,M Carbon Ceramic Brakes
89246,Panoramic Moonroof
89246,Integral Active Steering
89246,Active Cruise Control
49376,Bowers & Wilkins Diamond Surround Sound System
49376,Multi-contour seats
49376,M Carbon Ceramic Brakes
49376,2-axle air suspension
49376,M Sport Brakes
48271,Active Cruise Control
34966,Remote Engine Start
34966,M Carbon Ceramic Brakes
34966,Integral Active Steering
34966,Active Cruise Control
34966,Dynamic Damper Control + rear axle air suspension
83243,Moonroof
83243,Bowers & Wilkins Diamond Surround Sound System
83243,Bang & Olufsen Sound System
86326,2-axle air suspension
27084,Night Vision with Pedestrian Detection
27084,M Steering Wheel
27084,Integral Active Steering
27084,Active Cruise Control
90879,Remote Engine Start
90879,Dynamic Damper Control
90879,M Steering Wheel
90879,BMW Laserlight
90879,2-axle air suspension
06069,BMW Laserlight
06069,Integral Active Steering
06069,M Sport Brakes
06069,Harman Kardon surround sound system
27230,Sport Seats
27230,Rear-seat entertainment Professional
27230,Bang & Olufsen Sound System
59596,Active Driving Assistant
59596,BMW Laserlight
59596,M Sport Brakes
45485,Active Cruise Control
30816,M Sport Suspension
30816,Panoramic Moonroof
28372,M Carbon Roof
28372,Multi-contour seats
28372,M Sport Suspension
28372,Bang & Olufsen Sound System
31227,M Carbon Roof
31227,Rear Spoiler
31227,Remote Engine Start
31227,Multi-contour seats
31227,Harman Kardon surround sound system
37562,M Carbon Roof
37562,Moonroof
37562,Panoramic Moonroof
37562,Dynamic Damper Control + rear axle air suspension
61777,Rear Spoiler
61777,Rear-seat entertainment Professional
61777,Dynamic Damper Control + rear axle air suspension
16118,BMW Laserlight
16118,Rear-seat entertainment Professional
16118,2-axle air suspension
16118,Active Cruise Control
