CustomerID,CustomerName,CustomerStreet,CustomerCounty,CustomerState,CustomerZip
726506,Carena Herta Guccione,155 BELGRAVE AVE,Manchester,Alaska,93599
730031,Marcos Wake Harless,97 TWIN PEAKS BLVD,Tempe,Kentucky,89545
197483,Pincus Zebulon Rang,35 KOHLER PL,Durham,North Dakota,58732
440329,Thornie Joe Teske,38 GARDENER RD,Elkhart,North Dakota,74652
539634,Lindsey Jennifer Cherian,149 MIRAMAR AVE,Minneapolis,Texas,32594
280918,Marietta Ernst Rajan,32 CONTINUUM WAY,Stockton,Delaware,56559
632932,Heidi Lauri Branske,93 VALERTON CT,Fort Lauderdale,Nevada,30330
698745,Prasad Vassili Hoban,113 MIDDLE POINT RD,Hampton,West Virginia,51170
320299,Shurwood Torrance Spoerl,52 KING ST,Dayton,Virginia,5730
403610,Maddie Rory Montemurro,200 HWY 101 TO HWY 1 RAMP,Sacramento,Florida,19163
840875,Julita Henriette Bracker,91 MARIPOSA ST,San Jose,New Hampshire,53229
561893,Gretchen Elroy Hur,60 OSCEOLA LN,Costa Mesa,Michigan,80983
293724,Renaud Fernando Maurus,145 GLADSTONE DR,Fresno,Utah,31950
356978,Boniface Demetre Montonez,146 HOFFMAN ST,Fort Walton Beach,North Dakota,56538
440509,Jeniffer Katharina Tiemann,100 INGERSON AVE,Deltona,Illinois,49638
676326,Kurt Dwaine Hainey,45 GIRARD RD,Moreno Valley,Hawaii,25326
142493,Genevra Guillemette Koretsky,60 DODGE ST,Lorain,Utah,85731
849291,Sissie Kellina Deardurff,116 LAKE ST,Spokane,Missouri,83413
714681,Brina Sammy Pavlikowski,27 ROTTECK ST,Philadelphia,Connecticut,82225
880919,Merlin Hunter Dorsaint,65 ZOE ST,Olathe,Maryland,84945
683884,Ivie Marji Agudelo,103 BLYTHDALE AVE,Elkhart,New Mexico,93789
535713,Hunt Demetris Marturano,162 SIBERT LN,Seaside,Minnesota,66488
415345,Salvidor Dunstan Flanary,44 CITYVIEW WAY,Grayslake,Indiana,95347
855015,Tine Lilas Hufton,97 HARTFORD ST,Marysville,New Mexico,62665
957825,Alexis Ginelle Geisinger,73 REARDON RD,Marina,California,19221
641669,Luciana Annette Golder,106 GUTTENBERG ST,Denton,Arizona,86587
981723,Rory Dunc Kroeger,142 03RD TI ST,Fitchburg,Vermont,71849
346043,Florian Otto Nesspor,108 PERU AVE,Wilmington,Kentucky,63740
34092,Carry Tory Clerico,8 MAYNARD ST,Dallas,South Carolina,14224
506044,Wilma Allys Ahl,175 PIERCE ST,Fremont,New Hampshire,44283
117271,Fredric David Almerico,62 PRADO ST,Reading,Louisiana,7265
631783,Foster Barny Lancaster,100 EL DORADO ST NORTHNORTH,College Station,Massachusetts,44790
659639,Jehu Merril Loudermelt,73 KAREN CT,Jackson,Michigan,47460
944693,Harv Loren Ditsch,93 DALEWOOD WAY,Muskegon,Louisiana,42352
290519,Griffith Andrey Griglen,88 FORT MASON 15,Norwich,Alabama,63978
414255,Bryan Yancey Dvorak,48 POND ST,Nashua,Montana,60663
274345,Lina Brana Reiterman,197 LENOX WAY,Riverside,New York,236
286429,Denny Maurice Wunderlich,41 ROSENKRANZ ST,Merced,Montana,3552
370543,Faun Suzetta Nightengale,38 BAYVIEW PARK RD,Cape Coral,Massachusetts,93100
348041,Theodora Valaria Aikins,72 GREENWICH CT,Memphis,Arkansas,56121
700255,Benjamen Ivan Casumpang,13 OAKDALE AVE,San Jose,Idaho,54023
20454,Srinivas Guillermo Hartert,128 42ND AVE,Grayslake,Maryland,78884
459573,Tamma Brynn Shur,10 PARAMOUNT TER,North Port,North Dakota,57791
395325,Joellyn Sindee Pantoni,174 SANTA ROSA AVE,Merced,Georgia,997
501331,Aram Andy Puent,97 PERIMETER PATH,Naples,Indiana,38361
896413,Viki Jenn Gentzler,63 HOLLADAY AVE,Sunnyvale,Delaware,19399
741045,Julieta Ricky Lenort,110 SAGAMORE ST,Denver,Missouri,94035
208166,Baldwin Connor Tamer,58 TIOGA AVE,Canton,Hawaii,95979
555724,Rollin Lyn Sprauve,144 GENERAL KENNEDY AVE,Syracuse,Connecticut,65631
588652,Claudia Angy Lelah,100 YORK ST,Gilbert,New Mexico,82478
219630,Stu Lionel Orellano,198 ARAGO ST,Pomona,Minnesota,97762
786340,Morlee Tatiana Westby,64 GUERRERO ST,Mesquite,Missouri,95892
3465,Ethelin Davida Parrington,6 TONQUIN ST,Davenport,Oklahoma,13850
774361,Leilah Lizbeth Hajduk,135 BERNICE RODGERS WAY,Savannah,Washington,32426
808052,Serge Whittaker Heimbaugh,155 CLAUDE LN,Paterson,Rhode Island,34893
123107,Rohm & Haas Co.,32 MAYFLOWER ST,Saint Paul,Delaware,56442
362894,Letitia Meridith Altom,43 RUSSIAN HILL PL,Tyler,Montana,31417
129269,Alfie Jared Fenny,117 PALOS PL,Durham,Vermont,19618
663830,Mildred Carri Zecchini,26 CLARKE LN,Greenville,Connecticut,43055
662215,Teryl Joela Romans,26 WEST RD,Downey,Arizona,18516
540490,Blinni Laura Frain,97 SPRING ST,New Orleans,Alaska,74501
811475,Pitney Bowes Inc.,1 ALEMANY BLVD,Clarke County,Idaho,49171
910621,AMC Entertainment Inc.,156 AHERN WAY,Santa Rosa,Washington,50636
252292,Zeb Paco Guyton,75 PLUM ST,Sioux Falls,Arizona,59284
619807,Quincy Ibrahim Seuss,73 JULIUS ST,Melbourne,Alaska,49511
857127,Fredrick Giorgio Borruso,57 HARRIET ST,Abilene,Colorado,34991
807686,Monah Jenna Skorski,56 POLARIS WAY,Olathe,Alabama,56093
18019,Jorge Tuck Camerena,106 AMADOR ST,Winston,Arizona,23388
945547,Shauna Kalindi Larey,58 DUDLEY RD,Clarke County,New Mexico,50218
531671,International Multifoods Corporation,113 DOWNEY ST,Concord,Ohio,92270
397006,Bharat Vassily Isom,134 VISTA VIEW CT,Harlingen,Kansas,92507
46624,Krystal Shelby Paguirigan,110 AVENUE M,Shreveport,Louisiana,53765
933693,Marne Inga Calo,50 SERRANO DR,Spokane,South Carolina,72151
948750,Paccar Inc,67 NAPIER LN,Mobile,Wyoming,13714
478524,Ferdy Buddy Bordon,180 BAYSIDE DR,Oakland,Louisiana,64127
307412,Hilton Dan Klepacki,190 MERRIAM LN,Bethlehem,Massachusetts,56892
572304,Letty Marsha Luvert,88 ISSLEIB AVE,Los Angeles,Ohio,69383
954823,Ford Motor Co,12 CASCADE WALK,Barnstable,Oregon,79864
217705,El Paso Corporation,164 JEROME ALY,Jackson,Ohio,15100
282633,Lynnet Sharna Landis,154 MASONIC AVE,Newark,Massachusetts,85344
975685,Level 3 Communications Inc.,186 YUKON ST,Pensacola,Louisiana,38041
805557,Bristol-Myers Squibb Company,89 LORI LN,Fort Wayne,Georgia,12608
3030,RoadwayCorp,135 HUMBOLDT ST,Lewisville,Colorado,12649
564778,Marcos Cyrill Moselle,90 DELAWARE ST,Dayton,Michigan,6578
293571,Delbert Willmott Koepf,40 02ND AVE,Hayward,California,82872
623984,Ebenezer Sal Terrall,60 HOFFMAN AVE,Knoxville,Missouri,16236
202832,Rudd Heathcliff Osterberger,8 WISCONSIN ST,Lakewood,New Mexico,55782
644946,Tobe Benita Housh,196 PELTON PL,Cambridge,Colorado,32435
77751,Franz Shelley Leidig,8 LUSK ST,Pasadena,Illinois,49894
43874,Joaquin Wolfram Coontz,146 WAVERLY PL,Tucson,Nebraska,10371
323984,Scott Matt Hoeflich,82 SANCHEZ ST,Houston,Utah,25345
247450,Enrico Edward Saniger,43 THOMAS MELLON DR,Athens,Alabama,28205
562088,Delphine Fleur Tomassi,138 HOLLYWOOD CT,Naperville,New Jersey,25774
386387,Vena Charmaine Syring,89 TRADER VIC ALY,Brownsville,Maine,37632
41296,Hubbell Inc.,2 ATHENS ST,Santa Barbara,New York,20599
982739,Ashleigh Alessandra Orone,109 BURR AVE,Minneapolis,Connecticut,47070
185058,Corby Cammy Januszewski,131 LYSETTE ST,North Las Vegas,Florida,99357
913475,Giovanni Sayre Bilcik,71 LOWER TER,Eugene,West Virginia,7677
251143,Cristin Chiarra Soenksen,119 BYRON CT,Lancaster,California,1422
930568,Carmella Melonie Svare,167 STARK ST,Champaign,Alaska,82149
