DealerID,DealerName,DealerStreet,DealerCounty,DealerZip
988434,Melvyn Tabby Mukhtar,24 AVENUE I,Winter Haven,49215
786059,Prentice Chip Ghelfi,93 YERBA BUENA AVE,Arvada,43010
884326,Gilburt Torrance Makofsky,83 ARROYO WAY,Bremerton,85279
440242,Anna-maria Conny Munkberg,66 SPARROW ST,Fitchburg,85365
133630,Carson Sancho Scarles,187 HELEN ST,Davidson County,92943
482839,Niall Dimitrou Robeson,97 SOUTH HILL BLVD,Hollywood,33470
756655,Dante Noach Grullon,98 ISLAIS ST,Champaign,94246
263515,Rickie Rudolph Vandeveble,6 ALMA ST,Albuquerque,91734
904883,Lilly Norah Fykes,91 SEVILLE ST,Waco,54224
976428,Nissa Danell Wilhoite,37 ELLIS ST,Honolulu,36920
228303,Jean-luc Anatoly Volentine,52 PENNY LN,Torrance,28180
406518,Jarvis Finley Hamsik,79 EVELYN WAY,Myrtle Beach,21385
431743,Tammy Petronella Darner,10 UNDERWOOD AVE,Santa Cruz,82957
463126,Yancey Gaston Zanfardino,43 SUTRO HEIGHTS AVE,Fargo,44800
973089,Zedekiah Demetri Weather,65 ALEMANY BLVD,Simi Valley,98137
939497,Sid Torry Billiott,157 ELMHURST DR,Modesto,42111
585710,Bharat Jared Kobler,7 FEDERAL ST,Elk Grove,84530
842259,Marko Forbes Lyme,54 BALTIMORE WAY,Havre de Grace,68379
850800,Delores Gabi Dutra,173 FARNUM ST,Temecula,69712
180435,Nessi Dedie Alphin,143 20TH ST,Port Orange,82974
915714,Christin Kaitlyn Antrican,159 HOLLIS ST,Wilmington,64055
528799,Bevvy Dinnie Trial,10 CAMBRIDGE ST,Rockford,37036
987224,Udale Rodge Codd,124 SAN JOSE AV ON RAMP,Flint,87254
637133,Kelcy Elvira Bruzewicz,110 HUBBELL ST,Springdale,21965
86873,Andriette Gert Giliberto,94 CARMELITA ST,Lansing,95070
174217,Malka Erin Diefenbach,163 MARION PL,Amarillo,14297
839976,Lucia Lonni Borling,0 SOUTH VAN HORN LN,Fargo,54411
573514,Margurite Tiffi Nedina,33 AMITY ALY,Corona,54798
914803,Phil Malinde Lava,142 CHRISTMAS TREE POINT RD,York,1719
767798,Nikki Desiree Kabba,143 01ST TI ST,Madison,83131
451731,Cynthea Damaris Mcdonald,55 AVENUE OF THE PALMS,Topeka,6072
736528,Wit Randall Tero,187 NORTH HUGHES LN,Las Cruces,42036
154954,Silvain Olle Aluise,107 WASHINGTON BLVD,Amarillo,21079
377729,Hettie Esmerelda Hartinger,135 STARK ST,Leominster,12501
797177,Clovis Diandra Shaikh,46 CORWIN ST,Lexington,84102
30052,Shurlocke Conroy Dedeke,186 29TH AVE,Tuscaloosa,87517
255203,Inglebert Wallache Aksoy,115 WYMAN AVE,Sioux Falls,25996
652914,Aldrich Alford Gissel,115 ONONDAGA AVE,Asheville,10715
821227,Elisabetta Doria Shamel,93 09TH ST,Green Bay,25257
945133,Johnnie Barth Sleight,130 MUIR CT,Antioch,47081
989193,Ephrem Zacharia Lorge,186 MANZANITA AVE,Stamford,57137
436610,La Barby Kilker,169 MONTECITO AVE,Yonkers,27567
405470,Percival Cyrus Muell,54 JACK BALESTRERI WAY,Shreveport,68947
936790,Wendie Katheleen Koong,114 HOLLIS ST,Tallahassee,36956
126398,Emelina Olympe Dardashti,59 CRANLEIGH DR,Vancouver,95075
843656,Moses Urban Westbrooke,24 PINO ALY,Seattle,54096
138883,Lancelot Barthel Slavis,7 HALE ST,Layton,37175
939755,Rikki Winifred Telega,188 ZANOWITZ ST,Portland,62270
221735,Olenka Seana Lalande,29 LINCOLN CT,Sarasota,67176
113661,Lyndsey Katya Mccrorey,108 KERN ST,Fort Walton Beach,88683
759828,Fleur Joelly Reyez,130 YELLOW CAB ACCESS ROAD,Canton,97962
562077,Marshall Putnam Stash,187 MAJESTIC AVE,Grayslake,37469
633660,Janice Almeria Randa,158 10TH ST,Norman,46866
94173,Dryke Jeremiah Bassage,158 ASHTON AVE,Fremont,61341
526676,Dugan Claudio Elke,66 RADIO TER,Clarke County,78058
957477,Ivan Huntlee Logins,194 EDGEWOOD AVE,Cape Coral,63375
499834,Tim Kristyn Kampe,88 PILGRIM AVE,Cape Coral,56809
615721,Dorelia Barbabra Trevathan,47 DOLPHIN CT,Murfreesboro,84457
950830,Flemming Erl Sagal,85 DOUGLASS ST,Havre de Grace,49193
580100,Madona Merlina Heybrock,76 CAPRA WAY,Bonita Springs,74691
73830,Neila Cleopatra Sotolongo,102 CAMPUS WAY,Hartford,76783
851673,Joselyn Adina Mckeag,125 SAUL ST,Elizabeth,40833
182579,Engelbert Aram Guerrido,131 SHRADER ST,Gastonia,77588
152823,Christian Natale Cargile,188 21ST ST,Muskegon,58345
920264,Jethro Ole Ledger,54 MUNICH ST,Killeen,30870
680104,Issy Shirleen Whinnery,158 BUTTE PL,Greensboro,62891
669270,Kincaid Filipe Orizabal,51 WALLEN ST,Seattle,13530
866422,Ludvig Walton Nanton,93 BATTERY WAGNER RD,Charlotte,27752
206210,Kaile Bernetta Menas,66 NEVADA ST,Savannah,62652
663085,Emmy Gabriell Montoya,93 ECKER ST,North Charleston,83648
570684,Rebe Eula Laham,192 ATOLL CIR,Colorado Springs,13392
241036,Shaylah Evelina Conde,31 OSAGE ALY,Bridgeport,84163
51218,Courtney Dickie Cluxton,169 PATTON ST,Shreveport,40416
842182,Cy Garrett Wershey,166 CORONADO ST,Waterbury,35128
836170,Gertrude Elva Moschetti,45 NAHUA AVE,Baton Rouge,4051
212114,Doretta Ellen Ledon,5 CARTER ST,Lafayette,4202
841326,Olympia Halli Muldrew,39 DOVE LOOP,Pomona,57766
120992,Reginald Mohammad Pebley,116 MANSELL ST,Marysville,73604
5845,Thia Minnie Rickel,54 BRADY ST,Long Beach,54157
568044,Berk Kurtis Schweitz,154 BARTOL ST,Milwaukee,66657
522743,Somerset Phillipe Hilbrand,171 24TH AVE,Clarke County,23105
679554,Correy Germaine Pena,4 CHURCH ACCESS RD,Grand Prairie,95809
648789,See Randolph Tarallo,100 ARCO WAY,Lansing,81584
388863,Hortensia Betteanne Paci,19 CONGDON ST,Norfolk,32055
769098,Collete Nerissa Zamor,50 KRAUSGRILL PL,Leominster,83953
380409,Georgette Cecile Boyde,47 OLIVE ST,Saint Paul,49595
667029,Yard Hyman Malotte,40 DORANTES AVE,Orem,27797
5514,Englebart Albrecht Powledge,60 BAYVIEW CIR,Gastonia,92091
833987,Armond Harwell Ceja,118 BROMPTON AVE,Springdale,6938
154943,Cecile Nadeen Navedo,57 WATTSON PL,West Covina,37153
583171,Deanne Verna Kindermann,195 CARRIE ST,Cleveland,93233
169893,Steffie Canada Entrup,44 BROTHERHOOD WAY,Irvine,35592
151602,Quincey Orin Agins,9 PENINSULA AVE,Bonita Springs,25532
915221,Mallissa Dagmar Alsip,113 09TH AVE,Normal,80147
612483,Thorn Gearard Drovin,157 PALACE DR,Fitchburg,84728
864434,Clare Cy Vittum,93 BLANDY ST,Carrollton,34715
786477,Coral Blinnie Tavernia,120 PELTON PL,Detroit,92619
815651,Dimitrou Gasper Baumohl,108 BATTERY SAFFORD RD,Kailua,87805
755756,Gennifer Hilarie Watler,91 BLUXOME ST,Lake Charles,80329
164401,Patrice Salem Marthe,170 REX AVE,Aurora,37951
